1,zhanghai,27,YES
1,zhanghai,27,YES
1,zhanghai,27,YES
1,zhanghai,27,YES
1,zhanghai,27,YES
1,zhanghai,27,YES
1,zhanghai,27,YES
1,zhanghai,27,YES
1,zhanghai,27,YES
1,zhanghai,27,YES
1,zhanghai,27,YES
1,zhanghai,27,YES
1,zhanghai,27,YES
1,zhanghai,27,YES
1,zhanghai,27,YES
1,zhanghai,27,YES
1,zhanghai,27,YES
1,zhanghai,27,YES
1,zhanghai,27,YES
1,zhanghai,27,YES
1,zhanghai,27,YES
1,zhanghai,27,YES
1,zhanghai,27,YES
1,zhanghai,27,YES
1,zhanghai,27,YES
1,zhanghai,27,YES
1,zhanghai,27,YES
1,zhanghai,27,YES
1,zhanghai,27,YES
1,zhanghai,27,YES
1,zhanghai,27,YES
1,zhanghai,27,YES
1,zhanghai,27,YES